{
    "isEnabled": true,
    "clientKey": "",
    "captchaList": [
        "ReCaptcha2",
        "ReCaptcha3",
        "ReCaptchaEnterprise",
        "HCaptcha",
        "GeeTest",
        "ImageToText",
        "Turnstile",
        "BLS",
        "Binance"
    ],
    "captchaExtra": {
        "ReCaptcha2": 1,
        "HCaptcha": 1
    },
    "repeatsCount": 0,
    "isEnabledIgnoreList": false,
    "ignoreList": [],
    "proxy": {
        "isEnabled": false,
        "type": "http",
        "address": "",
        "port": 3128,
        "login": "",
        "password": ""
    },
    "isManualResolving": false,
    "delayAfterLoadPage": 2,
    "recaptchaClickSelector": ".recaptcha-checkbox-checkmark",
    "hCaptchaClickSelector": "div#checkbox",
    "globalVariable": "",
    "delayStartCount": {
        "ReCaptcha2": 0,
        "HCaptcha": 0
    },
    "autoClick": {
        "ReCaptcha2": true,
        "HCaptcha": true
    },
    "autoSolve": {
        "ReCaptcha2": true,
        "HCaptcha": true
    },
    "delayBetweenClickEnabled": {
        "ReCaptcha2": false,
        "HCaptcha": false
    },
    "delayBetweenClickValue": {
        "ReCaptcha2": 0,
        "HCaptcha": 0
    }
}
